{
    "rec": [
        {
            "0": [
                0.007530127186328173,
                0.24927277863025665
            ],
            "1": [
                0.1314116269350052
            ]
        }
    ]
}